Species,Observation_Time,Location_Type,Noise_Level_dB,Human_Density,Food_Source_Score,Shelter_Quality_Score,Behavior_Anomaly_Score,Estimated_Daily_Distance_km
Fox,Night,Commercial,46.3,51.6,9,4,0.36,0.42
Pigeon,Night,Residential,51.5,59.0,6,8,0.16,0.27
Raccoon,Afternoon,Commercial,75.9,59.1,7,1,0.1,0.66
Pigeon,Afternoon,Residential,71.9,30.8,7,8,0.05,0.99
Fox,Night,Park,52.8,27.9,4,7,0.25,0.64
Pigeon,Evening,Residential,77.9,28.8,8,3,0.26,0.56
Squirrel,Afternoon,Industrial,54.1,-10.1,7,5,0.3,1.4
Fox,Afternoon,Park,65.2,40.5,5,6,0.19,1.41
Pigeon,Night,Commercial,60.2,65.2,6,10,0.31,1.33
Pigeon,Morning,Residential,55.8,38.5,4,3,0.24,4.22
Pigeon,Afternoon,Residential,76.7,8.7,9,3,0.41,3.36
Fox,Evening,Residential,81.8,15.1,1,3,0.37,0.8
Pigeon,Morning,Commercial,66.8,15.9,3,7,0.28,1.64
Raccoon,Night,Industrial,80.3,54.9,4,5,0.36,0.63
Pigeon,Afternoon,Commercial,62.2,37.5,4,2,0.23,1.08
Fox,Morning,Residential,66.1,39.6,9,4,0.1,0.15
Raccoon,Night,Park,66.3,35.3,2,3,0.08,0.66
Raccoon,Evening,Residential,53.4,13.3,2,6,0.2,1.55
Pigeon,Afternoon,Park,70.0,15.8,1,4,0.31,0.9
Pigeon,Night,Residential,72.1,40.2,7,6,0.1,0.34
Fox,Afternoon,Industrial,63.3,31.3,10,10,0.09,0.06
Squirrel,Afternoon,Industrial,48.1,2.1,9,2,0.38,1.26
Fox,Evening,Commercial,68.7,41.8,1,1,0.27,1.68
Fox,Morning,Industrial,49.8,51.3,2,9,0.28,1.95
Fox,Evening,Park,56.9,30.1,10,3,0.19,0.18
Pigeon,Afternoon,Commercial,66.3,25.3,10,1,0.26,2.84
Pigeon,Evening,Industrial,57.3,50.5,9,1,0.44,0.02
Raccoon,Afternoon,Residential,67.5,27.1,1,1,0.32,1.24
Pigeon,Evening,Industrial,62.7,20.8,1,5,0.51,2.12
Fox,Afternoon,Commercial,48.7,6.9,4,1,0.18,0.52
Raccoon,Evening,Industrial,66.7,22.6,5,10,0.23,0.06
Pigeon,Night,Park,70.9,58.0,2,4,0.26,2.1
Pigeon,Evening,Park,75.1,47.5,3,4,0.4,1.04
Pigeon,Morning,Park,61.3,31.8,4,3,0.1,3.27
Pigeon,Night,Park,64.4,29.9,4,2,0.69,3.61
Pigeon,Night,Park,50.0,44.8,4,9,0.63,3.77
Pigeon,Evening,Commercial,84.6,31.5,10,4,0.25,7.64
Squirrel,Evening,Industrial,80.1,11.0,9,8,0.53,1.33
Squirrel,Afternoon,Commercial,64.7,32.2,4,4,0.15,0.28
Pigeon,Morning,Industrial,63.8,32.6,6,8,0.51,1.23
Fox,Evening,Park,35.7,30.2,6,6,0.42,0.06
Raccoon,Morning,Residential,75.4,33.9,1,6,0.21,0.07
Pigeon,Afternoon,Residential,70.6,19.6,3,9,0.13,1.14
Pigeon,Morning,Residential,73.1,32.3,4,5,0.35,1.43
Squirrel,Night,Industrial,60.9,6.0,8,4,0.09,1.27
Pigeon,Afternoon,Industrial,60.3,16.2,5,9,0.25,1.87
Pigeon,Night,Commercial,52.6,26.3,7,5,0.15,1.11
Squirrel,Morning,Commercial,72.8,39.0,7,7,0.23,0.67
Pigeon,Night,Industrial,77.5,25.5,3,10,0.43,0.63
Fox,Night,Park,76.2,36.6,8,8,0.16,1.87
Raccoon,Afternoon,Park,66.9,45.3,1,3,0.26,0.6
Squirrel,Night,Park,61.7,66.3,2,1,0.1,0.08
Fox,Night,Residential,54.5,25.6,4,10,0.39,0.38
Pigeon,Afternoon,Commercial,58.0,20.3,8,6,0.22,2.41
Pigeon,Night,Residential,69.7,30.6,4,1,0.31,1.07
Pigeon,Morning,Commercial,62.2,33.0,3,8,0.53,0.47
Pigeon,Night,Park,81.4,38.2,6,3,0.61,1.31
Fox,Morning,Park,76.5,42.2,4,8,0.13,0.65
Squirrel,Afternoon,Park,59.0,25.8,4,1,0.25,3.39
Pigeon,Afternoon,Residential,52.8,40.9,2,2,0.05,0.82
Fox,Night,Park,59.5,31.2,6,7,0.24,1.53
Pigeon,Afternoon,Park,75.7,48.4,3,5,0.12,0.91
Fox,Afternoon,Residential,59.8,25.8,9,10,0.29,0.95
Fox,Evening,Park,70.5,32.1,7,5,0.38,0.91
Squirrel,Morning,Park,59.3,34.1,6,9,0.31,0.36
Raccoon,Night,Residential,68.4,47.0,1,10,0.31,3.56
Fox,Night,Industrial,70.3,29.9,10,5,0.32,0.9
Raccoon,Afternoon,Commercial,74.9,14.5,7,9,0.07,4.52
Raccoon,Evening,Park,79.3,4.6,10,1,0.25,1.77
Pigeon,Afternoon,Park,78.1,45.5,3,1,0.27,1.57
Raccoon,Night,Residential,59.7,39.6,9,2,0.17,1.05
Squirrel,Afternoon,Industrial,63.5,54.9,3,9,0.53,5.2
Fox,Evening,Residential,53.3,31.4,2,6,0.11,0.61
Fox,Afternoon,Industrial,62.6,31.3,5,7,0.44,1.95
Raccoon,Evening,Residential,65.2,32.7,10,1,0.55,0.36
Pigeon,Evening,Residential,61.0,22.0,10,8,0.12,0.47
Pigeon,Afternoon,Industrial,60.0,19.4,1,3,0.55,1.21
Raccoon,Night,Industrial,75.3,36.6,4,8,0.39,0.64
Raccoon,Evening,Commercial,74.1,47.7,10,4,0.24,1.03
Fox,Night,Residential,69.0,39.1,1,6,0.12,0.38
Pigeon,Evening,Park,52.2,22.8,5,2,0.64,0.6
Fox,Night,Park,67.0,36.4,3,7,0.16,0.38
Pigeon,Night,Industrial,61.2,32.6,4,4,0.45,0.24
Pigeon,Afternoon,Commercial,78.2,21.5,9,6,0.43,1.28
Squirrel,Afternoon,Residential,47.0,11.7,8,5,0.32,0.16
Squirrel,Night,Commercial,59.4,17.5,3,6,0.34,1.99
Pigeon,Afternoon,Industrial,59.1,47.9,9,10,0.28,4.11
Raccoon,Evening,Industrial,60.3,33.8,2,10,0.03,1.86
Pigeon,Night,Industrial,74.6,20.9,1,8,0.3,0.71
Pigeon,Morning,Commercial,41.5,31.1,7,8,0.33,0.3
Fox,Night,Park,62.9,39.2,6,1,0.32,3.33
Squirrel,Evening,Park,73.5,21.9,7,7,0.35,2.0
Pigeon,Evening,Park,74.8,18.5,1,1,0.59,0.44
Fox,Evening,Commercial,59.5,3.4,9,4,0.39,2.87
Pigeon,Evening,Residential,58.2,46.3,10,10,0.37,0.49
Fox,Night,Commercial,68.5,38.8,3,7,0.21,0.53
Raccoon,Afternoon,Park,66.5,40.0,1,1,0.48,0.99
Pigeon,Evening,Industrial,65.7,38.4,8,9,0.14,2.41
Raccoon,Night,Industrial,27.0,-0.4,4,1,0.27,0.27
Pigeon,Night,Park,53.7,31.6,7,2,0.34,0.26
Pigeon,Night,Residential,56.4,36.7,2,2,0.43,0.17
Fox,Evening,Industrial,71.4,31.1,7,6,0.27,1.49
Raccoon,Morning,Residential,50.6,-5.3,8,9,0.37,0.94
Raccoon,Evening,Industrial,54.5,28.1,2,2,0.06,1.71
Pigeon,Night,Park,63.5,26.1,8,4,0.73,0.2
Fox,Evening,Commercial,52.1,45.6,9,4,0.56,0.67
Squirrel,Afternoon,Commercial,71.4,28.4,1,3,0.05,1.0
Pigeon,Morning,Residential,61.1,22.2,8,1,0.11,2.03
Squirrel,Morning,Park,83.3,22.2,3,1,0.12,4.24
Pigeon,Evening,Industrial,58.7,40.8,8,10,0.15,1.13
Pigeon,Morning,Residential,59.2,40.1,4,9,0.44,5.03
Pigeon,Morning,Park,73.0,26.8,8,2,0.24,3.01
Raccoon,Night,Commercial,58.4,24.0,6,2,0.32,0.58
Squirrel,Night,Commercial,80.1,-4.5,3,10,0.54,0.76
Pigeon,Morning,Commercial,69.8,-0.6,5,8,0.11,1.19
Pigeon,Evening,Residential,62.0,17.5,8,2,0.08,0.21
Pigeon,Morning,Commercial,63.4,27.8,10,2,0.19,1.07
Pigeon,Night,Residential,93.5,18.1,3,2,0.56,0.94
Raccoon,Night,Industrial,69.9,7.3,10,4,0.19,0.45
Squirrel,Morning,Commercial,66.5,29.4,3,5,0.27,6.04
Squirrel,Morning,Commercial,63.7,29.7,10,4,0.45,0.44
Raccoon,Afternoon,Commercial,75.4,49.6,1,10,0.36,1.42
Pigeon,Afternoon,Commercial,49.8,24.6,2,10,0.18,0.16
Pigeon,Evening,Industrial,63.2,26.5,4,2,0.49,0.9
Squirrel,Night,Residential,36.7,19.2,2,5,0.17,3.12
Squirrel,Night,Industrial,59.7,69.1,1,5,0.2,0.8
Pigeon,Night,Park,73.5,39.7,1,7,0.29,0.07
Pigeon,Afternoon,Industrial,78.8,17.6,4,4,0.56,0.6
Squirrel,Evening,Residential,71.1,0.5,7,6,0.32,1.45
Pigeon,Night,Park,71.4,10.7,3,4,0.19,4.83
Fox,Afternoon,Commercial,47.8,16.2,5,4,0.26,0.69
Raccoon,Evening,Commercial,58.2,9.6,9,2,0.51,0.02
Fox,Morning,Commercial,79.7,28.2,1,9,0.68,2.84
Squirrel,Morning,Park,59.8,14.7,8,5,0.2,0.3
Squirrel,Morning,Residential,63.6,5.9,7,2,0.6,7.04
Raccoon,Afternoon,Park,56.9,39.6,5,4,0.22,0.39
Pigeon,Morning,Commercial,55.7,6.9,7,3,0.55,1.61
Raccoon,Morning,Commercial,60.3,-8.3,1,4,0.15,0.15
Pigeon,Evening,Commercial,58.4,44.1,7,2,0.55,0.16
Pigeon,Morning,Park,74.6,56.9,7,7,0.08,0.06
Raccoon,Morning,Park,67.2,30.6,2,3,0.56,1.15
Pigeon,Afternoon,Residential,75.2,40.3,6,3,0.17,1.46
Squirrel,Afternoon,Commercial,51.1,40.1,3,9,0.21,0.43
Pigeon,Afternoon,Park,77.3,65.3,4,6,0.22,2.7
Pigeon,Morning,Park,65.2,15.1,3,7,0.39,2.66
Fox,Evening,Industrial,83.4,23.2,7,5,0.34,0.88
Fox,Night,Commercial,64.5,23.4,10,9,0.19,0.82
Raccoon,Afternoon,Commercial,50.1,30.8,6,7,0.22,0.06
Fox,Evening,Park,77.8,26.9,8,10,0.63,1.19
Squirrel,Morning,Industrial,63.6,28.8,6,5,0.17,3.93
Raccoon,Afternoon,Commercial,43.5,32.1,7,8,0.08,1.81
Fox,Evening,Commercial,66.5,59.7,2,10,0.11,3.07
Pigeon,Night,Commercial,67.3,34.1,9,4,0.13,2.07
Pigeon,Evening,Park,75.8,42.4,9,2,0.2,0.56
Fox,Morning,Park,29.1,40.0,7,7,0.62,1.23
Raccoon,Afternoon,Residential,76.5,35.3,5,6,0.09,0.98
Fox,Evening,Residential,60.3,26.0,9,8,0.32,0.94
Squirrel,Evening,Commercial,84.3,42.1,3,3,0.38,4.33
Fox,Evening,Industrial,47.8,3.7,5,4,0.12,0.12
Pigeon,Afternoon,Commercial,70.5,53.1,6,9,0.35,5.27
Pigeon,Evening,Industrial,69.1,40.0,5,2,0.16,0.26
Fox,Morning,Park,60.8,31.5,7,2,0.15,0.24
Pigeon,Morning,Residential,57.3,29.8,1,6,0.59,1.25
Raccoon,Night,Park,61.3,33.3,3,2,0.12,0.64
Pigeon,Night,Industrial,61.5,42.2,8,9,0.17,3.68
Squirrel,Night,Industrial,52.5,36.9,5,6,0.59,0.45
Pigeon,Afternoon,Residential,74.9,50.5,9,10,0.4,0.81
Squirrel,Morning,Park,54.1,55.7,2,6,0.45,0.08
Fox,Morning,Commercial,75.2,46.4,4,5,0.17,2.41
Pigeon,Night,Park,47.1,7.6,5,10,0.17,0.36
Fox,Night,Industrial,63.2,22.2,5,4,0.22,1.03
Raccoon,Evening,Park,63.4,44.7,4,1,0.13,1.7
Squirrel,Night,Residential,64.8,62.0,1,9,0.22,0.05
Squirrel,Afternoon,Park,74.6,21.2,9,3,0.43,1.2
Squirrel,Night,Park,63.0,39.0,6,5,0.18,1.54
Raccoon,Morning,Industrial,60.4,48.4,5,1,0.12,0.41
Raccoon,Afternoon,Commercial,63.0,31.6,4,1,0.23,0.46
Raccoon,Evening,Commercial,74.8,11.7,1,3,0.4,1.47
Pigeon,Afternoon,Residential,52.9,59.3,9,8,0.51,1.6
Pigeon,Evening,Residential,54.8,17.0,10,5,0.52,0.17
Pigeon,Evening,Park,45.4,18.9,8,4,0.15,1.49
Raccoon,Morning,Commercial,85.3,34.0,4,1,0.71,2.85
Raccoon,Afternoon,Residential,53.4,30.8,8,8,0.24,1.29
Squirrel,Evening,Commercial,46.1,16.2,5,2,0.27,2.66
Pigeon,Afternoon,Industrial,56.9,55.1,3,1,0.17,3.4
Squirrel,Evening,Residential,58.9,37.8,4,5,0.17,1.67
Raccoon,Night,Commercial,79.7,43.6,5,5,0.23,2.11
Pigeon,Night,Commercial,60.4,29.4,6,8,0.21,0.01
Squirrel,Afternoon,Commercial,67.9,29.9,7,7,0.32,0.24
Pigeon,Afternoon,Industrial,47.1,49.8,2,5,0.34,1.67
Raccoon,Evening,Park,67.1,22.2,1,9,0.38,2.26
Fox,Evening,Residential,48.5,24.7,2,3,0.11,1.34
Pigeon,Evening,Commercial,61.9,37.0,1,2,0.17,3.51
Fox,Morning,Commercial,57.4,43.6,4,5,0.13,5.56
Raccoon,Morning,Residential,65.6,43.6,1,6,0.22,0.31
Fox,Afternoon,Residential,71.3,15.9,8,7,0.64,2.81
Raccoon,Afternoon,Industrial,51.6,13.7,7,3,0.33,1.96
Fox,Night,Park,53.6,17.3,1,7,0.23,0.94
Pigeon,Night,Commercial,66.9,43.3,5,3,0.17,0.82
Raccoon,Afternoon,Residential,71.9,43.2,1,10,0.24,0.07
Pigeon,Evening,Park,79.2,34.8,6,10,0.15,0.92
Raccoon,Morning,Park,60.3,34.5,6,5,0.3,1.14
Fox,Afternoon,Park,50.1,5.2,6,2,0.33,1.12
Squirrel,Afternoon,Park,66.9,34.8,4,3,0.41,2.28
Fox,Night,Commercial,57.1,6.4,4,3,0.4,1.86
Pigeon,Afternoon,Park,55.8,42.4,9,6,0.74,2.13
Raccoon,Night,Commercial,79.1,25.3,4,8,0.19,0.25
Fox,Morning,Residential,71.2,33.6,9,4,0.62,1.23
Fox,Afternoon,Commercial,57.7,26.8,2,10,0.47,0.03
Raccoon,Morning,Park,64.8,28.8,7,7,0.17,0.62
Fox,Night,Residential,64.1,13.3,5,10,0.33,0.59
Pigeon,Evening,Commercial,66.7,27.5,1,7,0.23,5.46
Pigeon,Evening,Commercial,60.9,29.1,4,2,0.37,2.5
Fox,Morning,Residential,46.0,33.1,3,5,0.1,1.16
Pigeon,Evening,Commercial,55.2,38.2,7,4,0.25,3.28
Pigeon,Morning,Industrial,59.7,37.2,8,3,0.25,0.04
Raccoon,Evening,Park,65.3,34.0,10,10,0.35,1.04
Pigeon,Afternoon,Residential,54.2,20.2,5,6,0.46,0.22
Squirrel,Night,Park,66.9,10.5,10,6,0.24,1.61
Raccoon,Evening,Industrial,61.2,15.0,4,3,0.25,0.31
Pigeon,Morning,Residential,57.4,17.7,9,1,0.22,0.88
Squirrel,Night,Park,52.3,42.7,10,1,0.08,0.72
Raccoon,Afternoon,Commercial,69.5,46.1,1,7,0.16,7.73
Squirrel,Afternoon,Industrial,69.2,18.1,5,8,0.25,1.9
Squirrel,Morning,Residential,73.0,12.6,10,8,0.32,1.06
Raccoon,Evening,Industrial,70.5,5.7,10,2,0.3,2.5
Pigeon,Evening,Commercial,71.2,20.6,8,3,0.29,2.27
Pigeon,Night,Commercial,68.8,36.2,8,6,0.31,2.71
Pigeon,Morning,Residential,47.4,13.7,5,1,0.28,0.26
Raccoon,Morning,Residential,62.2,47.8,6,9,0.08,4.19
Raccoon,Night,Industrial,50.7,35.5,5,8,0.1,0.69
Raccoon,Night,Residential,78.7,46.0,5,8,0.5,0.26
Raccoon,Evening,Park,64.9,18.1,8,4,0.44,2.0
Squirrel,Night,Industrial,77.7,40.7,8,1,0.49,0.35
Squirrel,Morning,Park,54.7,13.4,5,7,0.12,2.52
Raccoon,Afternoon,Industrial,64.1,40.4,7,9,0.21,1.08
Pigeon,Afternoon,Residential,67.6,51.6,7,5,0.32,0.59
Squirrel,Afternoon,Commercial,61.7,51.4,5,5,0.4,2.54
Pigeon,Afternoon,Commercial,66.9,22.0,7,10,0.39,0.58
Fox,Morning,Industrial,79.8,16.8,4,2,0.28,0.09
Raccoon,Afternoon,Park,54.7,27.5,8,7,0.39,0.02
Pigeon,Morning,Commercial,38.6,53.6,3,4,0.16,0.89
Squirrel,Evening,Industrial,81.0,9.6,8,9,0.2,0.88
Pigeon,Afternoon,Industrial,57.1,7.3,4,5,0.04,0.9
Raccoon,Morning,Commercial,76.2,-0.7,6,5,0.49,1.09
Pigeon,Evening,Commercial,71.5,31.4,8,4,0.3,0.33
Squirrel,Evening,Park,62.8,4.5,8,2,0.27,0.84
Pigeon,Evening,Residential,68.8,47.9,9,6,0.48,0.76
Fox,Afternoon,Park,53.6,54.6,6,4,0.13,0.54
Fox,Night,Industrial,65.9,27.9,6,3,0.43,1.7
Raccoon,Morning,Industrial,70.9,65.9,2,5,0.21,1.1
Pigeon,Afternoon,Residential,57.3,33.5,3,4,0.24,0.26
Fox,Morning,Park,61.2,22.4,1,2,0.14,0.34
Pigeon,Morning,Park,68.1,22.2,3,4,0.65,0.63
Raccoon,Night,Park,78.2,51.5,7,10,0.09,0.44
Squirrel,Afternoon,Commercial,65.0,41.9,2,1,0.33,0.36
Fox,Night,Industrial,60.7,-0.5,8,3,0.45,2.18
Squirrel,Evening,Park,63.5,1.8,3,10,0.24,0.94
Raccoon,Afternoon,Commercial,76.6,8.0,3,8,0.2,1.77
Pigeon,Evening,Commercial,58.6,21.1,8,1,0.25,0.83
Pigeon,Night,Park,62.0,10.5,6,2,0.48,3.36
Raccoon,Evening,Industrial,58.7,18.5,5,9,0.54,3.12
Squirrel,Morning,Residential,63.0,17.7,6,5,0.43,1.41
Raccoon,Night,Residential,67.1,13.2,9,9,0.26,0.94
Pigeon,Evening,Park,75.3,61.8,5,6,0.42,1.12
Raccoon,Evening,Industrial,43.8,51.3,9,5,0.34,1.4
Raccoon,Evening,Residential,70.6,56.7,4,3,0.58,0.78
Raccoon,Evening,Industrial,56.1,55.2,2,3,0.36,0.12
Pigeon,Afternoon,Residential,70.9,28.9,9,7,0.31,0.79
Fox,Evening,Commercial,77.4,31.7,4,6,0.19,1.91
Pigeon,Evening,Industrial,75.0,16.1,5,4,0.49,1.12
Pigeon,Afternoon,Residential,66.6,32.2,2,2,0.67,1.49
Raccoon,Evening,Park,73.3,15.0,7,9,0.44,0.74
Pigeon,Evening,Industrial,55.6,6.0,10,1,0.15,1.42
Pigeon,Evening,Industrial,64.3,18.5,3,8,0.34,1.74
Raccoon,Afternoon,Industrial,80.2,43.1,2,7,0.07,0.21
Pigeon,Morning,Residential,57.1,31.5,6,2,0.42,0.71
Pigeon,Morning,Commercial,67.0,39.0,3,1,0.12,0.58
Fox,Afternoon,Commercial,61.3,30.3,7,7,0.18,1.86
Raccoon,Morning,Residential,63.0,16.2,2,3,0.45,0.22
Squirrel,Morning,Commercial,69.1,37.8,10,3,0.27,1.24
Raccoon,Afternoon,Commercial,62.3,31.4,6,2,0.09,0.58
Raccoon,Night,Park,65.0,49.7,8,1,0.22,0.91
Fox,Afternoon,Commercial,60.0,50.3,7,4,0.13,1.65
Raccoon,Morning,Residential,46.7,25.6,5,7,0.32,3.58
Fox,Morning,Residential,66.9,31.8,7,4,0.43,0.47
Squirrel,Evening,Residential,69.4,16.6,2,9,0.37,1.55
Squirrel,Night,Park,78.8,17.1,2,8,0.26,0.32
Fox,Morning,Industrial,63.7,21.4,4,9,0.58,1.97
Squirrel,Evening,Commercial,51.1,37.4,9,5,0.07,1.09
Pigeon,Night,Residential,57.5,22.2,1,5,0.27,3.41
Squirrel,Morning,Park,70.4,53.2,4,4,0.46,0.9
Pigeon,Night,Commercial,64.2,37.1,5,9,0.22,0.16
Squirrel,Evening,Industrial,67.8,26.0,3,4,0.39,2.79
Raccoon,Morning,Park,61.5,45.2,4,2,0.6,3.14
Squirrel,Afternoon,Residential,83.7,19.0,10,8,0.41,0.15
Squirrel,Afternoon,Residential,82.3,20.3,4,7,0.35,3.46
Squirrel,Morning,Industrial,55.7,50.2,4,2,0.14,3.93
Raccoon,Morning,Commercial,74.1,10.4,9,9,0.39,0.93
Pigeon,Evening,Park,68.0,27.8,7,10,0.09,0.65
Raccoon,Evening,Park,65.1,24.3,8,3,0.29,0.39
Fox,Evening,Commercial,56.4,19.0,10,5,0.42,0.49
Raccoon,Morning,Residential,81.2,44.8,6,4,0.16,1.98
Raccoon,Night,Commercial,76.7,42.9,5,9,0.26,3.77
Raccoon,Night,Commercial,50.4,40.2,6,5,0.28,0.1
Squirrel,Morning,Commercial,78.8,30.3,1,1,0.49,2.65
Pigeon,Night,Residential,64.6,39.6,6,4,0.44,0.18
Pigeon,Afternoon,Residential,59.0,-0.0,3,5,0.13,1.02
Pigeon,Morning,Park,55.2,23.9,3,2,0.28,0.38
Raccoon,Afternoon,Commercial,74.4,30.6,1,8,0.39,0.83
Pigeon,Afternoon,Commercial,69.0,21.2,1,1,0.19,0.51
Fox,Afternoon,Residential,56.3,32.8,7,4,0.07,1.35
Pigeon,Evening,Residential,56.9,65.7,3,4,0.37,0.06
Pigeon,Afternoon,Commercial,61.1,31.7,5,6,0.45,4.57
Pigeon,Evening,Industrial,59.9,36.2,2,8,0.22,2.63
Squirrel,Morning,Residential,70.3,33.0,3,7,0.4,1.0
Pigeon,Evening,Industrial,68.8,12.0,5,10,0.64,0.51
Squirrel,Night,Commercial,58.6,7.7,3,8,0.52,0.31
Pigeon,Afternoon,Commercial,48.4,5.7,4,10,0.16,3.1
Pigeon,Afternoon,Industrial,51.7,34.2,3,2,0.3,2.3
Raccoon,Night,Industrial,73.7,-0.6,9,7,0.1,1.27
Pigeon,Evening,Commercial,55.1,39.6,5,3,0.28,1.44
Squirrel,Afternoon,Industrial,66.1,27.0,4,3,0.69,6.24
Raccoon,Evening,Commercial,47.4,36.8,2,8,0.43,0.81
Raccoon,Night,Industrial,69.0,10.1,8,6,0.35,0.53
Pigeon,Afternoon,Commercial,84.2,53.3,6,7,0.15,6.45
Pigeon,Night,Residential,51.7,29.1,6,1,0.12,1.51
Squirrel,Evening,Commercial,70.5,1.6,5,6,0.15,5.59
Raccoon,Evening,Commercial,67.7,48.5,7,10,0.14,0.08
Squirrel,Evening,Residential,74.2,10.9,5,8,0.05,1.53
Fox,Morning,Commercial,63.7,11.7,8,3,0.21,1.54
Squirrel,Night,Residential,67.7,12.0,5,10,0.23,0.73
Fox,Evening,Residential,66.8,25.3,4,3,0.17,0.66
Squirrel,Evening,Industrial,70.7,38.8,8,8,0.39,1.78
Pigeon,Morning,Commercial,56.6,38.4,6,9,0.26,0.49
Pigeon,Morning,Residential,66.9,67.8,9,8,0.28,1.74
Pigeon,Night,Park,73.1,20.0,9,6,0.1,0.12
Fox,Night,Commercial,76.7,23.1,1,9,0.65,1.25
Pigeon,Evening,Commercial,70.0,9.5,3,5,0.14,1.0
Raccoon,Night,Park,53.7,13.5,4,4,0.22,10.44
Squirrel,Morning,Residential,49.5,46.8,7,8,0.33,3.19
Squirrel,Afternoon,Commercial,69.1,22.5,1,8,0.45,1.52
Pigeon,Evening,Park,54.9,36.8,6,3,0.33,0.36
Fox,Morning,Commercial,73.4,30.5,10,2,0.2,0.91
Pigeon,Morning,Industrial,62.1,14.2,1,2,0.22,1.41
Raccoon,Evening,Commercial,75.1,17.6,7,6,0.17,0.79
Pigeon,Night,Residential,86.3,1.9,5,3,0.25,1.31
Pigeon,Evening,Residential,64.4,27.0,4,2,0.38,0.8
Squirrel,Morning,Commercial,63.8,31.2,8,10,0.39,2.13
Squirrel,Night,Park,75.1,25.4,9,9,0.17,0.29
Fox,Morning,Park,75.6,44.9,4,5,0.45,0.68
Squirrel,Evening,Park,82.0,10.1,10,8,0.34,0.89
Pigeon,Evening,Residential,67.0,30.7,2,4,0.56,0.54
Raccoon,Night,Commercial,58.7,14.9,1,3,0.2,2.45
Raccoon,Night,Industrial,65.1,35.7,10,2,0.21,3.9
Pigeon,Morning,Industrial,58.8,16.5,10,5,0.59,5.77
Raccoon,Afternoon,Industrial,67.4,42.2,3,3,0.47,2.68
Raccoon,Morning,Residential,56.3,39.6,3,7,0.05,3.74
Fox,Night,Industrial,74.0,35.0,5,7,0.6,2.67
Pigeon,Evening,Industrial,72.0,33.9,5,3,0.21,2.21
Pigeon,Night,Park,66.4,34.3,5,3,0.13,9.01
Raccoon,Afternoon,Park,65.3,35.0,6,5,0.13,1.33
Fox,Afternoon,Industrial,63.0,38.0,5,4,0.22,1.1
Raccoon,Morning,Park,78.1,24.7,5,10,0.58,3.33
Pigeon,Night,Commercial,76.9,13.2,6,10,0.08,0.2
Fox,Evening,Commercial,66.5,29.3,6,3,0.37,1.18
Pigeon,Afternoon,Park,56.4,37.7,4,1,0.2,0.12
Pigeon,Morning,Park,53.2,37.7,9,5,0.23,2.21
Pigeon,Night,Commercial,67.9,56.0,2,4,0.22,4.6
Fox,Evening,Residential,58.6,22.5,3,3,0.01,1.41
Squirrel,Evening,Industrial,69.8,8.8,9,10,0.24,0.34
Pigeon,Evening,Park,61.1,21.8,6,8,0.53,2.98
Raccoon,Morning,Residential,72.7,23.7,7,8,0.16,0.07
Fox,Evening,Industrial,67.1,17.9,9,4,0.39,3.11
Fox,Night,Park,75.0,14.4,10,9,0.64,1.82
Raccoon,Night,Park,42.7,28.0,5,4,0.19,1.88
Squirrel,Night,Residential,62.7,29.0,8,2,0.35,0.21
Pigeon,Afternoon,Industrial,87.2,14.4,7,2,0.02,2.93
Fox,Morning,Park,40.0,12.8,2,5,0.3,0.07
Raccoon,Morning,Industrial,73.4,35.5,4,4,0.36,2.79
Pigeon,Morning,Industrial,69.2,37.1,2,10,0.56,1.88
Squirrel,Morning,Industrial,77.9,17.7,6,7,0.38,3.58
Fox,Night,Residential,63.3,27.4,4,5,0.53,0.24
Fox,Evening,Industrial,76.9,37.4,6,4,0.29,0.58
Fox,Night,Commercial,77.2,32.0,3,9,0.25,4.91
Raccoon,Morning,Park,67.0,53.4,6,2,0.37,0.03
Pigeon,Afternoon,Industrial,53.4,9.9,10,9,0.24,0.36
Squirrel,Afternoon,Park,74.1,6.6,2,7,0.48,2.05
Fox,Night,Commercial,55.3,40.8,2,1,0.03,0.05
Raccoon,Afternoon,Commercial,63.6,35.3,4,2,0.58,3.06
Raccoon,Afternoon,Commercial,74.5,21.8,6,5,0.36,2.36
Pigeon,Night,Commercial,75.9,46.3,9,6,0.4,1.8
Squirrel,Afternoon,Park,61.5,20.3,2,3,0.73,0.18
Pigeon,Morning,Industrial,71.3,37.7,3,10,0.13,0.04
Pigeon,Evening,Residential,49.6,27.3,9,7,0.36,5.14
Pigeon,Afternoon,Industrial,60.3,18.4,10,7,0.32,1.91
Raccoon,Evening,Industrial,79.7,23.6,7,5,0.35,1.6
Pigeon,Afternoon,Park,78.4,47.6,3,6,0.08,1.15
Raccoon,Afternoon,Industrial,71.7,24.2,9,5,0.43,1.05
Squirrel,Afternoon,Commercial,63.6,52.6,7,4,0.04,0.11
Pigeon,Evening,Park,73.5,32.3,7,7,0.26,1.41
Pigeon,Morning,Residential,64.8,26.2,6,2,0.38,1.97
Squirrel,Afternoon,Park,66.7,14.9,7,9,0.13,3.31
Pigeon,Morning,Park,65.9,40.1,5,8,0.23,0.95
Squirrel,Afternoon,Residential,57.2,33.1,7,3,0.52,0.99
Raccoon,Night,Park,72.3,28.8,2,2,0.22,2.52
Fox,Morning,Commercial,54.3,31.5,3,1,0.43,2.73
Pigeon,Morning,Industrial,72.8,28.2,8,1,0.36,0.04
Pigeon,Afternoon,Park,55.4,12.1,4,4,0.21,0.89
Raccoon,Morning,Residential,57.8,39.8,3,7,0.32,3.57
Raccoon,Evening,Industrial,36.6,57.9,4,2,0.38,0.02
Pigeon,Morning,Commercial,63.4,55.5,9,5,0.4,7.89
Squirrel,Night,Industrial,66.9,31.6,3,10,0.85,0.55
Fox,Evening,Commercial,73.3,26.2,5,7,0.66,0.09
Pigeon,Morning,Commercial,78.1,31.3,7,6,0.21,1.38
Fox,Evening,Commercial,50.1,20.7,1,4,0.21,1.7
Raccoon,Afternoon,Park,74.8,34.2,6,10,0.17,2.37
Raccoon,Evening,Commercial,60.4,35.6,6,10,0.33,1.71
Pigeon,Night,Industrial,64.3,12.0,6,3,0.48,2.4
Squirrel,Evening,Park,63.9,25.1,4,10,0.14,3.52
Pigeon,Night,Residential,60.5,43.1,1,3,0.12,1.29
Pigeon,Morning,Park,56.1,43.5,5,5,0.1,0.97
Squirrel,Morning,Commercial,67.8,11.1,3,8,0.02,0.24
Squirrel,Afternoon,Residential,73.1,46.4,4,5,0.06,1.12
Pigeon,Night,Commercial,52.4,25.7,7,8,0.3,5.15
Squirrel,Evening,Residential,64.8,29.6,2,6,0.53,0.31
Squirrel,Morning,Park,58.7,27.6,5,2,0.19,0.08
Pigeon,Morning,Industrial,76.0,-1.7,10,5,0.27,1.22
Fox,Night,Park,69.9,36.3,4,9,0.3,4.98
Pigeon,Evening,Industrial,80.1,5.9,6,10,0.29,0.21
Pigeon,Evening,Commercial,49.5,42.5,2,7,0.15,3.03
Raccoon,Afternoon,Commercial,75.3,10.5,4,10,0.06,1.67
Pigeon,Morning,Park,66.6,45.9,10,6,0.09,2.5
Pigeon,Evening,Commercial,57.7,33.5,7,3,0.34,3.03
Pigeon,Night,Industrial,69.9,39.1,8,4,0.28,0.01
Raccoon,Afternoon,Commercial,80.7,19.2,1,3,0.09,1.42
Squirrel,Evening,Industrial,81.0,2.9,4,10,0.49,2.01
Raccoon,Night,Residential,73.2,15.3,1,3,0.53,2.11
Fox,Night,Commercial,55.1,34.8,2,3,0.23,0.46
Pigeon,Evening,Industrial,68.1,36.9,4,2,0.13,0.33
Pigeon,Afternoon,Park,68.4,17.1,5,3,0.17,0.05
Pigeon,Evening,Commercial,77.4,49.9,3,7,0.08,0.94
Squirrel,Night,Industrial,63.4,29.7,7,7,0.05,1.44
Pigeon,Morning,Residential,65.2,5.4,7,10,0.4,0.02
Raccoon,Afternoon,Residential,58.5,34.0,1,10,0.42,7.36
Squirrel,Afternoon,Commercial,71.7,18.4,9,4,0.41,0.56
Squirrel,Evening,Industrial,62.8,42.3,3,8,0.69,2.95
Pigeon,Afternoon,Residential,66.9,33.4,3,6,0.67,0.75
Pigeon,Evening,Park,60.3,32.3,5,10,0.63,1.6
Raccoon,Afternoon,Park,65.5,25.7,1,5,0.22,2.77
Raccoon,Afternoon,Industrial,54.2,46.8,1,7,0.33,0.3
Squirrel,Evening,Park,66.6,16.4,9,3,0.05,2.52
Pigeon,Evening,Residential,59.0,35.0,9,8,0.27,1.38
Fox,Afternoon,Industrial,72.0,30.6,7,3,0.61,5.25
Squirrel,Evening,Residential,83.5,14.5,7,7,0.09,1.21
Raccoon,Morning,Commercial,73.5,28.9,7,1,0.2,1.18
Raccoon,Evening,Commercial,53.8,15.8,8,9,0.13,0.81
Raccoon,Evening,Commercial,61.4,60.6,2,4,0.16,0.95
Fox,Morning,Industrial,48.9,45.2,3,8,0.26,0.61
Squirrel,Evening,Industrial,65.1,5.5,3,2,0.03,2.09
Pigeon,Morning,Industrial,47.3,23.2,6,4,0.25,0.15
Pigeon,Evening,Commercial,53.0,39.1,6,1,0.1,0.35
Pigeon,Afternoon,Commercial,76.0,47.6,5,2,0.21,0.11
Squirrel,Night,Commercial,73.6,43.1,8,9,0.08,0.81
Fox,Night,Industrial,49.8,58.6,2,6,0.23,1.83
Raccoon,Morning,Residential,60.5,32.0,2,6,0.12,5.88
Fox,Night,Industrial,69.6,49.2,10,5,0.25,1.36
Raccoon,Night,Industrial,68.9,12.6,2,7,0.38,0.23
Raccoon,Evening,Industrial,48.7,43.1,5,10,0.1,3.01
Fox,Night,Residential,67.6,26.9,9,10,0.38,2.67
Raccoon,Morning,Industrial,58.9,27.8,10,10,0.36,2.02
Fox,Afternoon,Industrial,77.0,50.7,10,1,0.2,0.98
Pigeon,Night,Commercial,63.0,44.5,9,7,0.11,0.59
Pigeon,Morning,Commercial,68.6,27.5,5,7,0.23,3.29
Squirrel,Afternoon,Park,63.9,68.3,10,9,0.59,0.35
Raccoon,Evening,Commercial,71.7,48.9,4,10,0.18,0.72
Fox,Afternoon,Park,57.3,23.4,9,3,0.34,0.25
Raccoon,Morning,Residential,71.7,-6.3,1,1,0.49,0.11
Fox,Night,Commercial,77.1,34.2,6,2,0.41,1.33
Raccoon,Evening,Industrial,83.4,24.1,6,7,0.34,0.86
Raccoon,Evening,Industrial,80.8,20.6,3,4,0.5,2.01
Fox,Evening,Commercial,59.6,22.6,4,1,0.25,1.03
Fox,Night,Commercial,70.8,32.3,5,7,0.5,1.6
Fox,Afternoon,Industrial,73.1,49.7,9,9,0.15,1.45
Raccoon,Evening,Commercial,70.9,15.3,9,8,0.38,2.11
Pigeon,Afternoon,Commercial,72.5,28.9,8,7,0.27,0.27
Pigeon,Afternoon,Commercial,69.2,27.0,8,2,0.18,1.36
Pigeon,Afternoon,Park,59.5,17.6,6,7,0.31,0.41
Squirrel,Evening,Residential,67.1,34.2,4,6,0.36,0.04
Raccoon,Morning,Commercial,73.5,56.6,4,9,0.21,1.57
Fox,Evening,Commercial,69.6,39.2,5,8,0.49,0.05
Squirrel,Evening,Residential,54.0,31.1,3,9,0.23,1.13
Squirrel,Evening,Residential,56.2,23.4,2,6,0.12,1.94
Raccoon,Evening,Industrial,60.9,30.7,3,2,0.32,6.23
Raccoon,Night,Residential,63.0,4.2,4,1,0.19,3.01
Squirrel,Afternoon,Industrial,66.6,29.1,8,4,0.27,1.48
Squirrel,Morning,Residential,55.2,27.1,5,8,0.13,1.63
Squirrel,Evening,Commercial,72.9,37.2,3,2,0.22,2.22
Pigeon,Evening,Residential,46.4,44.2,2,10,0.08,0.14
Fox,Afternoon,Residential,70.3,41.2,6,3,0.19,1.81
Raccoon,Afternoon,Commercial,70.1,28.0,1,6,0.19,2.68
Pigeon,Afternoon,Commercial,71.4,22.2,6,2,0.05,2.06
Squirrel,Morning,Industrial,34.3,20.6,5,2,0.38,0.22
Raccoon,Afternoon,Park,51.5,18.3,4,9,0.21,2.76
Squirrel,Morning,Residential,61.5,20.8,1,10,0.26,0.12
Pigeon,Evening,Park,66.7,28.2,9,10,0.07,0.63
Pigeon,Afternoon,Park,64.2,11.7,2,8,0.23,1.28
Pigeon,Evening,Industrial,56.9,36.6,10,5,0.38,1.57
Squirrel,Night,Residential,77.8,28.4,7,5,0.46,0.67
Pigeon,Night,Park,68.2,17.5,4,1,0.12,0.32
Squirrel,Evening,Commercial,61.1,20.4,3,2,0.32,0.03
Squirrel,Evening,Residential,55.1,42.6,9,1,0.23,0.08
Squirrel,Night,Commercial,65.7,43.6,9,1,0.56,4.07
Pigeon,Evening,Commercial,77.6,65.8,5,5,0.22,0.5
Pigeon,Night,Commercial,65.4,38.5,4,4,0.13,3.33
Pigeon,Afternoon,Residential,64.7,19.9,4,1,0.17,2.03
Pigeon,Morning,Residential,65.7,19.2,3,10,0.44,0.35
Squirrel,Afternoon,Residential,66.2,35.8,9,9,0.64,1.5
Pigeon,Afternoon,Commercial,62.7,42.1,7,1,0.07,3.25
Pigeon,Afternoon,Park,55.3,51.1,5,7,0.33,3.45
Fox,Evening,Park,80.3,16.9,6,9,0.07,0.86
Pigeon,Afternoon,Industrial,71.4,31.5,3,5,0.23,2.01
Squirrel,Evening,Industrial,86.2,12.6,6,5,0.48,2.02
Raccoon,Evening,Park,70.0,35.7,5,1,0.12,1.8
Raccoon,Morning,Commercial,62.7,14.8,7,8,0.27,0.29
Pigeon,Evening,Residential,55.5,51.8,2,2,0.11,6.91
Raccoon,Evening,Commercial,61.7,18.3,10,3,0.06,1.42
Pigeon,Night,Residential,53.5,39.1,9,5,0.35,0.71
Fox,Night,Commercial,86.0,32.3,8,5,0.68,0.29
Pigeon,Night,Commercial,64.8,30.7,3,3,0.23,3.87
Raccoon,Morning,Industrial,72.9,2.9,2,6,0.19,1.72
Squirrel,Night,Park,74.6,28.6,10,3,0.4,0.02
Fox,Evening,Residential,75.8,15.3,7,9,0.14,0.19
Raccoon,Afternoon,Park,90.5,21.2,2,10,0.37,0.48
Fox,Evening,Commercial,64.0,37.3,1,3,0.16,2.98
Pigeon,Afternoon,Commercial,63.2,70.8,8,5,0.13,0.64
Raccoon,Night,Industrial,66.6,58.5,8,3,0.14,0.01
Pigeon,Evening,Industrial,72.5,37.7,1,9,0.17,1.97
Fox,Evening,Commercial,66.8,35.8,8,3,0.1,2.06
Fox,Afternoon,Residential,62.3,24.7,4,7,0.19,0.56
Raccoon,Morning,Residential,57.8,15.0,8,5,0.22,1.78
Pigeon,Evening,Park,57.3,36.6,10,6,0.12,0.6
Pigeon,Evening,Industrial,67.7,23.3,6,3,0.09,1.11
Fox,Morning,Park,55.0,56.3,8,4,0.08,1.7
Pigeon,Morning,Park,46.9,62.2,5,1,0.39,1.84
Fox,Morning,Commercial,66.2,62.1,2,7,0.11,0.4
Fox,Night,Park,76.6,20.5,10,6,0.3,0.39
Raccoon,Evening,Commercial,71.6,22.4,7,4,0.32,1.58
Pigeon,Night,Industrial,64.8,11.8,2,10,0.24,0.28
Squirrel,Afternoon,Park,69.0,39.7,9,10,0.11,0.02
Pigeon,Evening,Park,48.5,17.2,1,1,0.43,0.73
Raccoon,Night,Commercial,58.1,20.9,7,9,0.47,0.4
Pigeon,Afternoon,Industrial,81.8,16.7,7,5,0.44,2.65
Fox,Morning,Industrial,76.8,21.6,6,1,0.35,1.96
Raccoon,Evening,Park,57.9,54.8,5,9,0.27,1.79
Squirrel,Night,Commercial,82.5,-7.0,3,5,0.08,0.16
Raccoon,Evening,Park,57.8,37.9,3,5,0.46,0.99
Pigeon,Evening,Park,56.8,17.9,10,5,0.49,1.49
Pigeon,Evening,Commercial,80.4,65.2,6,3,0.31,0.71
Raccoon,Morning,Industrial,78.1,42.4,3,4,0.19,3.17
Fox,Night,Commercial,59.1,14.7,8,3,0.54,1.54
Raccoon,Night,Residential,64.5,20.8,10,2,0.22,2.2
Fox,Morning,Residential,61.6,21.5,8,5,0.29,1.21
Pigeon,Morning,Residential,70.0,47.3,2,10,0.41,1.06
Squirrel,Night,Commercial,80.7,55.4,8,4,0.14,1.43
Pigeon,Evening,Park,70.3,32.3,10,10,0.28,2.63
Raccoon,Evening,Industrial,63.9,27.9,1,1,0.21,1.41
Raccoon,Night,Commercial,51.5,45.7,2,4,0.17,0.96
Fox,Afternoon,Industrial,72.8,30.4,6,3,0.15,2.02
Pigeon,Afternoon,Commercial,52.8,37.0,1,10,0.26,2.02
Pigeon,Afternoon,Residential,63.1,33.3,3,3,0.09,0.07
Pigeon,Evening,Industrial,74.6,18.2,6,10,0.11,3.05
Pigeon,Evening,Park,73.1,50.4,9,1,0.26,0.46
Squirrel,Afternoon,Industrial,73.4,21.1,4,8,0.21,2.79
Pigeon,Afternoon,Park,72.0,59.1,6,7,0.09,2.18
Squirrel,Afternoon,Park,66.5,47.7,7,9,0.23,0.9
Fox,Morning,Park,68.0,32.9,6,6,0.05,0.42
Squirrel,Afternoon,Residential,65.9,11.3,2,8,0.3,2.16
Squirrel,Evening,Industrial,69.8,55.1,9,4,0.24,0.4
Squirrel,Evening,Park,70.4,34.7,7,4,0.28,0.08
Fox,Afternoon,Commercial,66.3,43.4,3,1,0.41,0.87
Squirrel,Evening,Industrial,70.1,52.2,8,6,0.07,0.28
Fox,Evening,Industrial,58.2,13.2,1,5,0.83,3.49
Fox,Evening,Commercial,61.9,35.5,7,1,0.23,0.68
Fox,Afternoon,Residential,67.3,24.3,9,7,0.03,5.4
Fox,Evening,Industrial,84.2,34.8,8,4,0.28,0.89
Raccoon,Morning,Commercial,70.3,36.9,6,1,0.51,1.03
Pigeon,Afternoon,Residential,63.7,5.0,2,4,0.16,0.77
Fox,Night,Residential,62.8,26.6,2,8,0.19,0.18
Raccoon,Afternoon,Commercial,72.4,31.3,5,1,0.12,0.96
Pigeon,Evening,Park,64.0,11.2,5,10,0.34,0.37
Pigeon,Afternoon,Park,71.4,19.0,6,8,0.12,2.15
Pigeon,Evening,Commercial,70.1,31.9,2,3,0.15,1.73
Raccoon,Morning,Commercial,52.5,40.3,2,10,0.11,0.04
Pigeon,Morning,Park,69.7,27.8,7,10,0.53,5.09
Pigeon,Evening,Industrial,69.7,19.5,6,5,0.23,2.61
Fox,Night,Park,73.0,14.9,2,10,0.46,0.78
Pigeon,Evening,Park,56.6,24.6,6,3,0.21,1.18
Raccoon,Night,Commercial,75.9,18.0,7,10,0.09,1.44
Raccoon,Evening,Industrial,63.3,38.9,5,1,0.5,1.72
Fox,Night,Park,84.9,33.8,10,8,0.26,0.83
Fox,Morning,Residential,82.5,20.2,10,3,0.12,0.54
Squirrel,Night,Park,58.9,33.4,6,5,0.18,0.24
Squirrel,Evening,Commercial,51.3,65.0,1,6,0.49,4.44
Pigeon,Morning,Park,72.0,41.3,10,6,0.22,2.04
Fox,Afternoon,Industrial,56.8,33.8,4,4,0.19,0.49
Pigeon,Evening,Commercial,76.5,40.8,9,7,0.16,1.39
Raccoon,Night,Commercial,70.3,49.0,10,5,0.29,2.01
Pigeon,Night,Residential,50.5,7.2,4,4,0.21,0.65
Raccoon,Morning,Residential,72.8,23.6,7,9,0.18,2.86
Fox,Night,Commercial,66.4,20.7,10,9,0.31,3.24
Raccoon,Morning,Residential,69.1,20.3,4,3,0.41,0.25
Pigeon,Night,Residential,80.2,61.7,6,5,0.29,0.52
Squirrel,Afternoon,Residential,63.7,37.7,8,6,0.11,0.42
Raccoon,Morning,Industrial,72.6,46.7,5,9,0.33,0.17
Raccoon,Evening,Commercial,59.0,34.5,7,7,0.19,2.0
Pigeon,Night,Residential,59.3,71.3,2,2,0.12,0.13
Squirrel,Evening,Park,62.8,-0.2,1,6,0.12,2.06
Squirrel,Night,Industrial,58.8,22.7,8,10,0.12,1.25
Raccoon,Morning,Park,70.7,23.4,2,4,0.36,2.04
Squirrel,Morning,Residential,51.8,24.8,7,4,0.13,1.33
Fox,Morning,Park,73.3,43.7,4,10,0.1,3.44
Pigeon,Afternoon,Industrial,57.4,31.4,4,3,0.25,0.39
Squirrel,Evening,Commercial,68.8,39.8,6,1,0.29,1.33
Squirrel,Night,Commercial,53.1,45.6,3,6,0.18,1.01
Pigeon,Morning,Residential,69.8,33.4,4,5,0.35,1.03
Fox,Evening,Commercial,75.8,40.9,1,6,0.4,1.11
Fox,Afternoon,Residential,65.1,23.4,8,10,0.23,2.42
Pigeon,Night,Park,80.5,20.3,3,9,0.17,0.91
Raccoon,Afternoon,Industrial,63.6,16.7,4,9,0.31,1.91
Pigeon,Evening,Residential,69.1,31.3,8,10,0.63,2.08
Pigeon,Afternoon,Industrial,55.7,15.7,4,1,0.08,0.99
Pigeon,Night,Residential,69.4,14.0,3,8,0.18,0.19
Squirrel,Night,Commercial,59.3,39.8,6,10,0.06,0.1
Pigeon,Evening,Park,57.8,16.0,1,6,0.17,1.34
Fox,Evening,Industrial,80.8,38.5,2,5,0.56,0.07
Pigeon,Morning,Commercial,52.3,25.2,9,6,0.16,0.11
Squirrel,Morning,Commercial,63.9,21.3,3,2,0.17,1.53
Fox,Evening,Park,72.1,43.6,6,2,0.6,2.56
Raccoon,Morning,Commercial,67.3,44.9,10,3,0.16,0.41
Raccoon,Evening,Commercial,46.5,33.2,8,6,0.41,1.33
Squirrel,Afternoon,Park,71.0,51.2,6,9,0.23,1.49
Squirrel,Night,Park,51.2,4.8,4,1,0.29,0.82
Fox,Night,Industrial,60.6,46.2,10,1,0.05,0.4
Raccoon,Morning,Residential,62.6,17.9,7,1,0.1,1.73
Raccoon,Evening,Commercial,35.8,26.5,6,8,0.23,0.69
Squirrel,Morning,Commercial,63.9,35.4,8,5,0.55,0.1
Squirrel,Night,Industrial,71.7,19.6,2,5,0.27,0.4
Pigeon,Morning,Commercial,63.3,29.4,9,10,0.29,1.04
Pigeon,Evening,Commercial,66.8,23.6,1,8,0.68,1.97
Pigeon,Night,Park,87.6,26.6,5,9,0.07,1.04
Raccoon,Evening,Commercial,76.3,61.6,6,7,0.21,0.3
Raccoon,Night,Commercial,65.6,2.2,5,3,0.26,1.99
Squirrel,Evening,Residential,90.9,26.8,5,4,0.41,1.13
Squirrel,Night,Park,58.6,35.9,5,8,0.3,0.89
Raccoon,Morning,Park,70.2,13.0,1,3,0.08,1.41
Raccoon,Night,Residential,49.2,27.5,2,7,0.2,2.66
Fox,Morning,Commercial,69.0,34.5,7,6,0.04,2.3
Fox,Evening,Commercial,63.9,35.4,4,3,0.23,1.8
Squirrel,Night,Residential,65.6,42.3,8,5,0.05,0.68
Raccoon,Evening,Residential,68.7,46.5,1,8,0.26,3.27
Squirrel,Afternoon,Commercial,67.8,25.0,1,2,0.44,1.18
Raccoon,Night,Industrial,54.3,31.3,2,6,0.44,0.38
Pigeon,Morning,Commercial,61.2,8.7,3,8,0.23,0.07
Pigeon,Afternoon,Commercial,65.1,29.2,2,8,0.08,0.34
Squirrel,Morning,Industrial,50.7,8.2,9,8,0.18,0.3
Fox,Morning,Park,73.0,30.2,4,4,0.33,0.39
Pigeon,Morning,Industrial,83.8,42.4,9,7,0.68,2.32
Pigeon,Evening,Industrial,68.0,36.2,1,9,0.2,1.49
Fox,Evening,Industrial,59.7,31.4,4,6,0.05,1.08
Raccoon,Evening,Residential,42.0,42.1,7,5,0.41,0.59
Raccoon,Evening,Commercial,49.8,46.1,1,10,0.37,0.02
Squirrel,Evening,Park,68.4,17.6,5,9,0.23,0.47
Pigeon,Morning,Park,77.6,47.8,8,2,0.17,1.58
Pigeon,Afternoon,Park,62.8,18.7,10,6,0.03,0.87
Pigeon,Afternoon,Industrial,50.1,23.3,8,7,0.26,1.29
Squirrel,Afternoon,Commercial,56.3,40.9,6,1,0.29,0.21
Pigeon,Afternoon,Residential,59.3,32.7,3,4,0.42,0.73
Fox,Evening,Residential,45.7,29.7,7,6,0.09,5.84
Pigeon,Night,Commercial,61.9,32.6,4,5,0.19,0.25
Squirrel,Afternoon,Residential,73.9,49.7,5,6,0.68,1.5
Raccoon,Night,Industrial,48.2,31.0,7,2,0.67,0.76
Pigeon,Night,Park,59.4,41.2,6,7,0.36,1.74
Pigeon,Night,Commercial,44.8,40.8,8,7,0.22,1.15
Pigeon,Night,Commercial,56.8,61.3,6,8,0.12,1.8
Squirrel,Afternoon,Park,63.5,50.7,4,2,0.48,1.08
Squirrel,Afternoon,Residential,75.2,40.6,4,10,0.55,1.09
Pigeon,Morning,Commercial,69.6,40.8,5,8,0.5,1.41
Raccoon,Night,Commercial,53.2,32.5,9,5,0.38,0.94
Raccoon,Afternoon,Park,65.9,27.6,5,8,0.11,0.18
Pigeon,Morning,Park,61.7,29.8,3,3,0.56,0.63
Pigeon,Morning,Residential,64.9,30.4,3,1,0.05,0.4
Pigeon,Morning,Residential,63.0,23.3,9,5,0.4,1.02
Fox,Afternoon,Industrial,68.1,23.8,3,5,0.41,5.33
Pigeon,Evening,Residential,66.8,29.0,10,9,0.51,0.21
Squirrel,Night,Residential,73.7,25.1,6,7,0.2,0.9
Squirrel,Night,Park,66.2,27.1,2,4,0.47,3.84
Raccoon,Afternoon,Industrial,81.9,27.5,3,9,0.28,0.31
Fox,Night,Industrial,70.2,43.6,7,10,0.08,2.75
Squirrel,Night,Commercial,79.8,41.9,10,2,0.13,0.05
Squirrel,Evening,Park,72.2,45.4,7,5,0.16,0.5
Pigeon,Afternoon,Commercial,58.3,48.7,10,4,0.33,0.68
Fox,Afternoon,Residential,77.4,19.2,3,8,0.15,2.37
Raccoon,Evening,Commercial,76.8,30.4,10,10,0.38,3.03
Squirrel,Morning,Residential,36.3,34.5,5,7,0.29,0.45
Raccoon,Morning,Residential,59.5,36.6,1,2,0.52,0.32
Fox,Morning,Industrial,79.4,37.7,10,9,0.18,1.35
Squirrel,Evening,Industrial,75.5,51.3,8,3,0.11,0.74
Pigeon,Night,Park,50.4,21.8,6,5,0.32,0.09
Raccoon,Night,Park,73.6,33.5,4,7,0.17,0.71
Pigeon,Afternoon,Commercial,82.3,11.7,9,2,0.47,0.31
Fox,Afternoon,Commercial,71.1,36.3,9,8,0.04,0.98
Fox,Evening,Residential,50.2,6.1,9,2,0.02,2.26
Raccoon,Night,Residential,57.2,35.4,1,4,0.21,0.04
Squirrel,Morning,Industrial,69.0,48.6,10,6,0.12,0.84
Fox,Afternoon,Commercial,62.8,39.3,3,1,0.31,4.11
Raccoon,Evening,Park,77.8,14.0,3,10,0.61,0.91
Fox,Night,Park,72.3,18.4,3,6,0.13,1.02
Raccoon,Evening,Industrial,84.6,39.3,10,2,0.28,1.58
Raccoon,Afternoon,Residential,75.2,28.3,4,6,0.09,0.53
Pigeon,Evening,Park,70.5,-2.7,4,6,0.33,0.02
Squirrel,Night,Commercial,61.9,51.3,4,6,0.21,2.4
Squirrel,Evening,Commercial,79.0,32.8,1,3,0.64,0.05
Raccoon,Morning,Residential,65.1,8.6,4,7,0.21,2.2
Fox,Evening,Industrial,54.7,33.5,10,2,0.45,0.94
Fox,Night,Park,65.5,63.2,1,2,0.32,4.82
Pigeon,Morning,Residential,64.1,27.8,10,10,0.54,3.69
Squirrel,Night,Commercial,55.1,27.6,6,10,0.33,1.58
Pigeon,Evening,Park,73.3,20.4,10,4,0.1,1.19
Raccoon,Morning,Residential,63.6,39.7,2,9,0.11,0.23
Pigeon,Afternoon,Industrial,69.0,33.8,10,9,0.39,0.23
Fox,Afternoon,Commercial,57.2,42.2,8,8,0.12,0.48
Raccoon,Morning,Park,63.4,19.1,8,5,0.58,3.03
Pigeon,Night,Industrial,72.7,40.9,3,1,0.52,2.62
Pigeon,Afternoon,Park,62.5,12.3,5,5,0.04,0.13
Squirrel,Evening,Park,61.3,37.4,1,5,0.25,0.25
Fox,Morning,Park,86.8,18.1,5,4,0.32,1.81
Raccoon,Night,Park,68.2,30.6,3,1,0.16,1.05
Pigeon,Night,Residential,72.3,6.6,3,5,0.13,5.36
Pigeon,Morning,Industrial,72.5,31.5,10,4,0.29,1.4
Fox,Night,Industrial,66.0,29.7,10,9,0.29,0.52
Fox,Afternoon,Park,70.3,7.1,3,8,0.04,0.37
Pigeon,Morning,Commercial,55.3,56.0,5,3,0.21,1.23
Pigeon,Afternoon,Residential,79.5,39.3,1,2,0.26,2.79
Fox,Night,Residential,77.5,13.7,10,2,0.5,1.23
Pigeon,Morning,Industrial,66.9,14.9,10,1,0.09,1.63
Squirrel,Afternoon,Commercial,65.1,26.3,3,2,0.23,2.25
Squirrel,Afternoon,Commercial,52.6,21.5,7,8,0.49,2.21
Squirrel,Night,Commercial,75.3,28.6,4,2,0.38,0.51
Fox,Evening,Industrial,62.4,-2.5,3,7,0.44,0.08
Raccoon,Night,Industrial,71.1,55.4,9,5,0.23,0.84
Pigeon,Evening,Park,50.6,19.2,2,10,0.26,0.77
Pigeon,Morning,Industrial,71.3,48.2,1,3,0.24,1.75
Fox,Afternoon,Commercial,63.2,27.5,7,6,0.38,2.12
Pigeon,Evening,Park,65.1,66.7,1,5,0.17,3.59
Fox,Morning,Residential,50.8,42.9,10,8,0.53,0.82
Raccoon,Afternoon,Park,71.8,45.9,3,2,0.4,2.95
Fox,Evening,Residential,58.9,47.9,10,1,0.18,1.89
Pigeon,Afternoon,Residential,64.5,31.3,1,8,0.25,1.46
Squirrel,Evening,Commercial,73.0,32.3,2,9,0.06,2.32
Pigeon,Afternoon,Park,64.1,28.1,3,3,0.43,4.02
Fox,Morning,Residential,84.9,35.4,6,5,0.09,3.89
Pigeon,Evening,Residential,56.0,31.1,5,10,0.48,2.57
Squirrel,Afternoon,Park,67.4,35.4,6,3,0.3,0.56
Fox,Evening,Residential,69.1,18.1,7,8,0.17,0.54
Pigeon,Evening,Park,54.8,23.8,9,10,0.23,0.73
Raccoon,Night,Park,65.9,38.3,4,7,0.27,1.26
Squirrel,Afternoon,Industrial,63.1,30.3,1,8,0.33,2.5
Raccoon,Morning,Residential,67.3,37.3,3,10,0.44,1.55
Fox,Evening,Park,69.5,40.1,8,4,0.48,5.89
Squirrel,Afternoon,Commercial,79.0,43.3,8,10,0.24,1.14
Raccoon,Morning,Commercial,67.9,37.4,5,5,0.11,0.1
Raccoon,Night,Park,70.5,26.5,2,10,0.16,0.14
Squirrel,Night,Residential,80.0,17.0,8,9,0.28,3.25
Squirrel,Afternoon,Residential,49.2,47.4,8,5,0.36,1.44
Pigeon,Afternoon,Commercial,62.4,19.6,4,3,0.48,2.03
Pigeon,Evening,Park,65.4,30.0,8,7,0.06,0.64
Raccoon,Afternoon,Commercial,49.4,54.3,8,10,0.31,0.79
Squirrel,Night,Industrial,65.8,18.1,10,6,0.06,0.74
Squirrel,Afternoon,Industrial,41.4,25.9,1,9,0.09,1.92
Squirrel,Morning,Commercial,72.1,31.8,1,9,0.27,0.07
Pigeon,Night,Park,50.2,3.2,3,10,0.71,0.16
Raccoon,Evening,Industrial,52.5,14.0,3,7,0.25,3.81
Raccoon,Afternoon,Industrial,70.2,48.8,7,4,0.08,3.02
Pigeon,Evening,Residential,48.3,36.8,7,3,0.32,1.95
Squirrel,Morning,Residential,85.5,42.4,3,9,0.35,2.9
Squirrel,Night,Park,66.2,33.8,5,1,0.27,0.76
Squirrel,Night,Residential,64.0,0.7,9,10,0.5,3.5
Raccoon,Morning,Park,77.0,14.7,1,1,0.13,2.67
Pigeon,Afternoon,Industrial,64.2,-3.4,1,7,0.51,0.47
Raccoon,Evening,Residential,67.4,39.6,6,3,0.23,0.93
Raccoon,Afternoon,Park,63.4,70.7,5,9,0.36,1.14
Fox,Evening,Residential,60.0,6.5,2,1,0.17,1.34
Pigeon,Evening,Industrial,68.7,46.1,8,1,0.15,0.88
Pigeon,Night,Commercial,70.3,46.3,2,8,0.15,0.38
Raccoon,Night,Industrial,52.3,32.8,8,5,0.14,2.52
Pigeon,Night,Residential,56.2,9.4,1,6,0.14,0.32
Pigeon,Night,Residential,58.4,17.0,4,10,0.2,0.52
Pigeon,Night,Industrial,64.7,-0.3,5,9,0.65,0.63
Pigeon,Night,Park,68.5,28.1,2,9,0.26,0.14
Pigeon,Morning,Commercial,86.6,33.3,1,7,0.42,0.07
Pigeon,Afternoon,Industrial,67.8,42.3,9,7,0.14,1.01
Raccoon,Evening,Commercial,63.3,26.9,9,3,0.25,1.09
Squirrel,Morning,Industrial,57.9,17.3,10,9,0.4,1.77
Squirrel,Morning,Industrial,74.9,19.6,6,2,0.26,2.26
Pigeon,Night,Industrial,64.9,28.0,1,9,0.07,1.88
Pigeon,Evening,Industrial,68.4,34.5,3,9,0.22,2.95
Squirrel,Afternoon,Residential,65.0,50.9,1,6,0.28,1.74
Pigeon,Afternoon,Industrial,70.5,60.7,8,9,0.34,0.19
Fox,Afternoon,Park,69.8,29.9,9,9,0.65,1.92
Fox,Afternoon,Residential,68.7,13.8,10,5,0.2,1.62
Pigeon,Morning,Park,65.0,48.4,4,4,0.55,0.38
Raccoon,Afternoon,Commercial,65.9,68.4,1,9,0.54,1.86
Squirrel,Night,Industrial,68.8,18.7,6,6,0.41,0.38
Raccoon,Afternoon,Industrial,45.8,22.5,5,3,0.06,0.24
Pigeon,Evening,Residential,64.7,28.2,1,9,0.09,1.15
Raccoon,Evening,Park,74.8,30.3,6,7,0.23,2.52
Pigeon,Evening,Park,60.2,19.9,3,8,0.39,2.47
Squirrel,Night,Residential,44.1,9.2,10,2,0.07,0.87
Pigeon,Evening,Industrial,51.1,39.2,8,10,0.18,0.07
Raccoon,Night,Commercial,65.8,28.0,8,7,0.13,0.28
Raccoon,Night,Park,57.8,46.9,7,2,0.3,0.73
Squirrel,Night,Park,66.3,38.2,4,5,0.57,1.61
Squirrel,Morning,Industrial,64.8,45.3,6,8,0.13,1.42
Pigeon,Afternoon,Residential,60.3,30.9,8,10,0.23,1.56
Fox,Afternoon,Park,55.9,40.5,1,6,0.12,0.82
Raccoon,Morning,Park,67.0,19.1,9,5,0.57,0.03
Fox,Night,Commercial,65.7,37.5,5,3,0.48,0.2
Pigeon,Morning,Commercial,63.8,45.2,4,4,0.38,0.78
Squirrel,Morning,Park,73.7,49.9,2,9,0.32,2.43
Pigeon,Night,Residential,67.0,25.6,8,5,0.12,3.11
Squirrel,Morning,Commercial,59.0,39.0,10,10,0.16,0.12
Pigeon,Afternoon,Industrial,61.4,49.6,9,6,0.3,1.9
Pigeon,Morning,Industrial,64.4,6.7,3,10,0.56,7.02
Fox,Afternoon,Industrial,66.2,24.7,1,2,0.34,1.68
Raccoon,Evening,Commercial,78.4,38.8,5,1,0.2,6.34
Raccoon,Evening,Commercial,81.9,25.8,4,4,0.23,1.35
Raccoon,Morning,Industrial,60.3,20.2,10,1,0.6,0.04
Squirrel,Afternoon,Commercial,54.8,36.6,7,5,0.22,2.49
Pigeon,Evening,Industrial,59.6,23.0,3,2,0.37,0.34
Fox,Evening,Industrial,69.2,31.2,7,8,0.17,1.42
Pigeon,Morning,Residential,73.3,6.9,6,5,0.04,1.89
Pigeon,Afternoon,Park,60.9,23.1,1,7,0.47,4.06
Pigeon,Morning,Residential,55.9,34.4,2,2,0.26,0.31
Squirrel,Afternoon,Industrial,68.8,28.7,5,8,0.18,1.18
Fox,Night,Commercial,71.2,29.5,6,2,0.09,2.25
Raccoon,Afternoon,Park,75.3,34.9,2,7,0.41,2.2
Raccoon,Afternoon,Commercial,58.6,46.6,2,2,0.19,1.94
Raccoon,Afternoon,Park,68.3,26.5,3,5,0.33,1.2
Pigeon,Morning,Residential,48.7,29.8,3,1,0.76,0.07
Pigeon,Evening,Park,63.9,31.3,9,2,0.04,0.73
Squirrel,Afternoon,Industrial,72.2,23.0,2,1,0.36,1.83
Fox,Afternoon,Park,79.8,18.4,6,8,0.24,1.02
Raccoon,Afternoon,Park,68.0,42.8,1,5,0.46,0.82
Squirrel,Night,Industrial,62.6,12.7,10,3,0.28,0.69
Pigeon,Morning,Industrial,50.9,39.1,3,1,0.17,1.15
Pigeon,Afternoon,Industrial,67.3,27.0,7,4,0.13,0.31
Pigeon,Night,Residential,71.3,25.1,6,7,0.37,0.02
Fox,Evening,Industrial,75.1,35.0,6,1,0.54,2.58
Squirrel,Night,Residential,67.4,37.3,8,3,0.18,4.79
Fox,Night,Residential,55.4,14.6,6,5,0.29,2.04
Squirrel,Night,Residential,70.5,29.6,2,10,0.11,0.25
Fox,Afternoon,Industrial,81.9,23.5,2,2,0.2,0.42
Squirrel,Evening,Park,62.4,19.0,5,2,0.47,0.1
Raccoon,Evening,Commercial,57.0,-1.2,3,7,0.25,1.33
Fox,Night,Residential,61.7,42.9,5,3,0.59,3.8
Fox,Morning,Residential,64.9,43.5,5,1,0.22,3.87
Raccoon,Night,Industrial,59.8,12.6,5,1,0.31,0.23
Squirrel,Evening,Industrial,72.1,28.5,1,2,0.18,1.5
Fox,Afternoon,Residential,69.3,11.8,5,2,0.23,0.18
Raccoon,Evening,Residential,61.7,24.8,4,4,0.2,0.66
Pigeon,Afternoon,Residential,64.8,20.5,1,10,0.3,1.83
Pigeon,Evening,Commercial,49.6,50.4,7,9,0.54,0.07
Raccoon,Afternoon,Residential,68.2,9.5,2,8,0.38,0.84
Raccoon,Morning,Residential,51.1,3.3,1,9,0.21,0.19
Pigeon,Afternoon,Park,62.2,24.8,8,7,0.44,4.27
Fox,Night,Commercial,60.4,25.7,3,1,0.35,1.31
Pigeon,Morning,Park,69.7,59.5,9,2,0.19,1.12
Pigeon,Afternoon,Industrial,60.6,18.6,3,7,0.2,1.12
Fox,Night,Residential,64.5,52.2,9,3,0.38,0.74
Fox,Evening,Industrial,80.0,37.6,5,6,0.36,1.83
Fox,Afternoon,Commercial,49.3,54.8,9,2,0.28,0.7
Raccoon,Night,Park,66.1,34.2,8,9,0.13,0.84
Pigeon,Evening,Park,73.6,5.8,3,4,0.15,0.79
Pigeon,Afternoon,Commercial,58.7,16.1,4,6,0.37,0.63
Fox,Afternoon,Residential,65.2,38.2,1,9,0.18,1.06
Squirrel,Afternoon,Industrial,51.4,16.8,8,8,0.52,0.26
Pigeon,Night,Commercial,48.9,65.9,9,6,0.14,1.16
Pigeon,Morning,Park,72.2,2.6,5,4,0.27,5.32
Fox,Evening,Residential,61.7,20.6,4,3,0.34,0.44
Fox,Morning,Park,51.9,37.1,4,3,0.12,1.42
Pigeon,Morning,Residential,60.3,30.3,10,10,0.3,1.29
Pigeon,Morning,Industrial,71.0,23.0,4,6,0.59,0.47
Raccoon,Morning,Residential,70.5,51.8,9,7,0.22,1.86
Raccoon,Afternoon,Industrial,75.5,31.2,6,7,0.33,0.56
Raccoon,Night,Industrial,60.0,46.2,7,5,0.39,0.52
Raccoon,Afternoon,Park,58.7,23.7,8,4,0.31,1.77
Squirrel,Night,Commercial,68.3,45.6,3,3,0.15,1.12
Pigeon,Night,Commercial,75.0,33.5,10,7,0.21,3.27
Raccoon,Morning,Industrial,61.3,5.7,2,7,0.5,0.23
Squirrel,Morning,Commercial,74.6,11.8,6,2,0.68,2.17
Raccoon,Morning,Commercial,61.7,46.9,10,9,0.76,1.77
Pigeon,Night,Park,85.4,30.0,1,4,0.5,0.25
Raccoon,Evening,Residential,47.8,47.2,7,6,0.12,0.18
Squirrel,Evening,Residential,80.3,40.9,3,6,0.18,0.15
Raccoon,Afternoon,Commercial,50.0,13.2,8,5,0.38,2.2
Fox,Evening,Commercial,77.2,12.2,4,3,0.22,2.0
Squirrel,Morning,Park,65.9,28.5,10,4,0.28,2.61
Fox,Night,Park,60.5,32.5,6,9,0.43,2.02
Squirrel,Evening,Industrial,55.9,19.6,1,1,0.04,3.59
Raccoon,Night,Residential,55.7,37.7,8,10,0.3,0.05
Fox,Morning,Industrial,71.8,26.8,8,1,0.35,0.15
Fox,Evening,Park,69.6,18.6,3,1,0.53,0.08
Pigeon,Evening,Park,63.1,33.8,1,1,0.55,1.47
Squirrel,Night,Park,64.7,20.4,10,9,0.13,0.12
Fox,Evening,Industrial,56.3,8.2,9,4,0.17,2.79
Squirrel,Afternoon,Industrial,63.7,53.6,4,9,0.52,3.17
Fox,Evening,Park,73.9,0.5,10,1,0.29,3.0
Pigeon,Afternoon,Residential,55.9,5.1,3,7,0.42,3.33
Pigeon,Night,Park,70.2,42.4,9,10,0.41,5.54
Pigeon,Night,Commercial,60.4,34.0,1,3,0.34,0.51
Raccoon,Night,Industrial,49.7,21.5,8,3,0.13,1.19
Pigeon,Night,Park,75.6,59.1,8,9,0.24,0.3
Pigeon,Afternoon,Park,51.3,24.1,10,5,0.19,0.01
Raccoon,Evening,Industrial,60.4,28.3,6,2,0.08,0.75
Raccoon,Morning,Industrial,75.7,30.2,9,5,0.06,0.06
Pigeon,Morning,Industrial,57.1,39.2,10,9,0.83,2.52
Raccoon,Morning,Park,74.4,40.4,9,2,0.12,3.53
Squirrel,Night,Industrial,60.5,50.4,5,7,0.65,0.56
Pigeon,Evening,Industrial,64.1,23.0,3,2,0.35,0.21
Pigeon,Afternoon,Residential,83.8,29.3,9,5,0.34,0.73
Raccoon,Evening,Residential,76.4,25.5,2,1,0.04,0.99
Pigeon,Afternoon,Residential,65.9,10.1,8,9,0.33,0.78
Raccoon,Morning,Commercial,58.5,25.1,10,2,0.13,1.42
Raccoon,Evening,Industrial,65.3,35.0,3,4,0.29,1.68
Pigeon,Night,Industrial,81.5,31.7,5,9,0.36,3.31
Squirrel,Morning,Park,86.7,51.4,3,4,0.41,2.07
Pigeon,Evening,Commercial,58.8,33.0,8,3,0.11,1.93
Raccoon,Morning,Residential,79.4,15.1,10,6,0.23,0.21
Raccoon,Evening,Industrial,49.2,22.3,8,5,0.1,1.33
Fox,Night,Commercial,70.9,17.8,1,1,0.21,2.59
Fox,Afternoon,Residential,68.7,21.0,7,9,0.05,0.61
Fox,Afternoon,Park,75.4,28.7,8,10,0.26,4.09
Pigeon,Night,Residential,56.7,41.4,9,4,0.18,2.12
Pigeon,Morning,Commercial,66.5,43.0,2,7,0.16,0.61
Squirrel,Afternoon,Commercial,46.4,16.3,1,8,0.23,0.35
Pigeon,Night,Park,58.7,36.3,10,8,0.07,1.11
Fox,Evening,Industrial,64.8,29.0,3,10,0.34,0.34
Pigeon,Afternoon,Park,66.9,24.7,2,1,0.24,0.89
Pigeon,Morning,Industrial,92.9,20.0,8,3,0.56,3.21
Raccoon,Morning,Commercial,59.9,19.0,9,5,0.31,0.1
Raccoon,Morning,Park,65.2,22.0,1,8,0.39,0.07
Squirrel,Evening,Residential,53.5,45.7,4,10,0.16,1.79
Pigeon,Morning,Industrial,46.1,44.1,9,10,0.1,0.62
Squirrel,Morning,Industrial,74.0,42.4,3,2,0.3,1.09
Pigeon,Night,Park,74.1,-4.1,9,9,0.23,1.48
Raccoon,Afternoon,Park,51.2,48.7,1,2,0.07,1.33
Pigeon,Afternoon,Park,48.1,34.6,6,9,0.21,2.05
Pigeon,Night,Industrial,58.6,43.0,1,4,0.28,1.37
Fox,Night,Commercial,81.7,27.4,4,9,0.26,0.54
Raccoon,Morning,Commercial,50.1,32.8,3,4,0.06,1.85
Fox,Evening,Residential,71.8,50.0,8,5,0.61,0.44
Pigeon,Afternoon,Residential,66.3,45.2,3,8,0.11,0.79
Pigeon,Morning,Commercial,62.0,16.1,7,9,0.07,0.89
Pigeon,Evening,Park,59.0,18.1,1,3,0.47,2.97
Pigeon,Afternoon,Park,67.4,36.7,1,4,0.3,3.49
Pigeon,Morning,Industrial,61.9,33.0,10,10,0.16,0.76
Pigeon,Morning,Industrial,61.0,16.7,9,6,0.81,1.03
Pigeon,Night,Residential,62.9,29.1,6,8,0.47,0.36
Pigeon,Evening,Industrial,76.1,19.8,9,9,0.28,1.83
Pigeon,Morning,Industrial,67.1,38.8,1,8,0.51,1.33
Fox,Morning,Residential,65.7,64.1,6,9,0.16,1.52
Raccoon,Morning,Industrial,78.8,16.4,10,8,0.28,1.31
Pigeon,Afternoon,Commercial,62.3,36.6,2,3,0.1,0.69
Pigeon,Night,Industrial,79.3,36.3,9,3,0.38,0.45
Raccoon,Morning,Commercial,58.2,27.0,4,1,0.16,3.4
Pigeon,Morning,Park,70.3,24.3,10,3,0.44,3.32
Raccoon,Night,Commercial,61.8,24.8,9,1,0.36,0.07
Pigeon,Evening,Residential,64.3,8.0,10,5,0.14,0.0
Squirrel,Night,Industrial,58.6,0.4,6,9,0.37,0.39
Pigeon,Night,Industrial,62.0,17.1,6,6,0.08,2.34
Pigeon,Morning,Park,58.0,20.9,6,9,0.09,0.05
Raccoon,Morning,Park,69.0,41.2,1,8,0.29,1.89
Pigeon,Night,Residential,56.8,13.5,9,10,0.2,1.14
Fox,Morning,Park,70.4,22.1,7,8,0.23,0.52
Pigeon,Night,Industrial,88.5,46.1,7,9,0.09,0.05
Raccoon,Morning,Residential,49.4,41.9,7,8,0.6,0.57
Pigeon,Afternoon,Industrial,41.3,37.2,3,5,0.46,0.5
Squirrel,Morning,Park,55.1,46.6,3,6,0.32,0.62
Raccoon,Evening,Commercial,72.4,69.8,5,6,0.68,2.08
Pigeon,Afternoon,Residential,57.9,28.5,6,5,0.62,1.83
Raccoon,Night,Commercial,70.8,39.2,4,2,0.13,2.1
Pigeon,Morning,Industrial,74.5,28.1,3,4,0.07,0.95
Raccoon,Night,Industrial,62.5,27.3,1,1,0.37,1.12
Fox,Evening,Industrial,73.8,16.5,2,4,0.36,1.41
Pigeon,Night,Industrial,42.3,55.4,6,10,0.63,0.95
Fox,Evening,Park,73.3,32.9,6,10,0.43,0.07
Pigeon,Afternoon,Residential,73.0,53.0,8,4,0.23,2.74
Raccoon,Evening,Residential,64.0,35.8,4,3,0.18,3.52
Pigeon,Afternoon,Industrial,75.0,17.0,4,9,0.26,2.77
